id,groups,sub_categories,categories,person,keyword,count
26,กกต.,สายองค์กรอิสระ,ศาล & องค์กรอิสระ,คณะกรรมการการเลือกตั้ง,"คณะกรรมการการเลือกตั้ง , กกต.",353
27,ป.ป.ช.,สายองค์กรอิสระ,ศาล & องค์กรอิสระ,คณะกรรมการป้องกันและปราบปรามการทุจริตแห่งชาติ,"คณะกรรมการป้องกันและปราบปรามการทุจริตแห่งชาติ , ป.ป.ช. , ปปช.",277
23,ศาลรัฐธรรมนูญ,สายศาล,ศาล & องค์กรอิสระ,ศาลรัฐธรรมนูญ,"ศาลรัฐธรรมนูญ , ศาล รธน. , ศาลรธน. , ศาลการเมือง",58
25,ศาลปกครอง,สายศาล,ศาล & องค์กรอิสระ,ศาลปกครอง,"ศาล ปค.​สูงสุด , ศาล ปค. , ศาลปกครอง , ศาลปกครองสูงสุด , ศาลปกครองกลาง",49
24,ศาลยุติธรรม,สายศาล,ศาล & องค์กรอิสระ,ศาลยุติธรรม,"ศาลอาญาทุจริตและประพฤติมิชอบกลาง , ศาลฎีกาแผนกคดีอาญาผู้ดำรงตำแหน่งทางการเมือง , ศาลปราบทุจริต , ศาลฎีกา , ศาลฎีกาฯ , ศาลยุติธรรม",41
29,ผผ.,สายองค์กรอิสระ,ศาล & องค์กรอิสระ,ผู้ตรวจการแผ่นดิน,"ผู้ตรวจการแผ่นดิน , ผผ.",9
28,คตง.,สายองค์กรอิสระ,ศาล & องค์กรอิสระ,คณะกรรมการตรวจเงินแผ่นดิน,"คณะกรรมการตรวจเงินแผ่นดิน , คตง.",1
5,ประธานคณะองคมนตรี,องคมนตรี,วัง & องคมนตรี,พลเอก เปรม ติณสูลานนท์,"เปรม , ป๋าเปรม",59
2,สมาชิกราชวงศ์จักรี,วัง,วัง & องคมนตรี,พระบาทสมเด็จพระวชิรเกล้าเจ้าอยู่หัว,"พระบาทสมเด็จพระวชิรเกล้าเจ้าอยู่หัว , รัชกาลที่ 10 , ร.10 , ร.๑๐ , สมเด็จพระบรมฯ , ฟ้าชาย",24
1,สมาชิกราชวงศ์จักรี,วัง,วัง & องคมนตรี,ทูลกระหม่อมหญิงอุบลรัตนราชกัญญา สิริวัฒนาพรรณวดี,"ทูลกระหม่อมหญิงอุบลรัตนราชกัญญา สิริวัฒนาพรรณวดี , ทูลกระหม่อมหญิงฯ , ทูลกระหม่อมหญิงอุบลรัตนฯ , ทูลกระหม่อมฯ",7
6,ประธานคณะองคมนตรี,องคมนตรี,วัง & องคมนตรี,พลเอก สุรยุทธ์ จุลานนท์,"สุรยุทธ์ , บิ๊กแอ้ด",6
3,สมาชิกราชวงศ์จักรี,วัง,วัง & องคมนตรี,สมเด็จพระกนิษฐาธิราชเจ้า กรมสมเด็จพระเทพรัตนราชสุดาฯ สยามบรมราชกุมารี,"สมเด็จพระกนิษฐาธิราชเจ้า กรมสมเด็จพระเทพรัตนราชสุดาฯ สยามบรมราชกุมารี , สมเด็จพระเทพฯ , พระเทพฯ",5
265,พรรคการเมือง,สายพรรคการเมือง,พรรคการเมือง & กลุ่มการเมือง,พรรคประชาธิปัตย์,"ประชาธิปัตย์ , ปชป.",1588
273,พรรคการเมือง,สายพรรคการเมือง,พรรคการเมือง & กลุ่มการเมือง,พรรคเพื่อไทย,"เพื่อไทย , พท. , พรรคทักษิณ , พรรคแดงล้มเจ้า , เพื่อแม้ว , พรรคแม้ว , พรรคพ่อแม้ว , ",1127
30,ครม. ชุดที่ 62,สายพรรคการเมือง,พรรคการเมือง & กลุ่มการเมือง,พลเอก ประยุทธ์ จันทร์โอชา,"ประยุทธ์ , นายกฯประยุทธ์ , บิ๊กตู่ , ประยุทธ์ , ประยุทธ , ตู่ , ลุงตู่ , ลงตู่",507
263,พรรคการเมือง,สายพรรคการเมือง,พรรคการเมือง & กลุ่มการเมือง,พรรคพลังประชารัฐ,"พลังประชารัฐ , พปชร.",459
274,พรรคการเมือง,สายพรรคการเมือง,พรรคการเมือง & กลุ่มการเมือง,พรรคอนาคตใหม่-พรรคก้าวไกล,"อนาคตใหม่ , ก้าวไกล , อนคม. , กก. , อดีตอนาคตใหม่ , อนาคตดับ , อนค. , ส้มเน่า , คณะก้าวหน้า",447
264,พรรคการเมือง,สายพรรคการเมือง,พรรคการเมือง & กลุ่มการเมือง,พรรคภูมิใจไทย,"ภูมิใจไทย , ภท. , ภูมิใจห้อย , ",292
288,คนเบื้องหลังพรรคการเมือง,สายพรรคการเมือง,พรรคการเมือง & กลุ่มการเมือง,ทักษิณ ชินวัตร,"ทักษิณ ชินวัตร , แม้ว , นช.แม้ว , โทนี่ , พี่โทนี่",253
93,ส.ส. ชุดที่ 25,สายพรรคการเมือง,พรรคการเมือง & กลุ่มการเมือง,อภิสิทธิ์ เวชชาชีวะ,"อภิสิทธิ์ , มาร์ค , หล่อใหญ่",219
31,ครม. ชุดที่ 62,สายพรรคการเมือง,พรรคการเมือง & กลุ่มการเมือง,พลเอก ประวิตร วงษ์สุวรรณ,"ประวิตร , บิ๊กป้อม , ปิ๊กป้อม , ลุงป้อม , ป้อม",207
34,ครม. ชุดที่ 62,สายพรรคการเมือง,พรรคการเมือง & กลุ่มการเมือง,อนุทิน ชาญวีรกูล,"อนุทิน , เสี่ยหนู , หมอหนู",116
116,ส.ส. ชุดที่ 25,สายพรรคการเมือง,พรรคการเมือง & กลุ่มการเมือง,อนุทิน ชาญวีรกูล,"อนุทิน , เสี่ยหนู , หมอหนู",116
139,ส.ส. ชุดที่ 25,สายพรรคการเมือง,พรรคการเมือง & กลุ่มการเมือง,ธนาธร จึงรุ่งเรืองกิจ,"ธนาธร , ตี๋เนรคุณ , พ่อของฟ้า , พ่อน้องฟ้า , ทอน",88
33,ครม. ชุดที่ 62,สายพรรคการเมือง,พรรคการเมือง & กลุ่มการเมือง,วิษณุ เครืองาม,"วิษณุ , รองฯ วิษณุ",85
266,พรรคการเมือง,สายพรรคการเมือง,พรรคการเมือง & กลุ่มการเมือง,พรรคชาติไทยพัฒนา,"ชาติไทยพัฒนา , ชทพ.",81
249,ส.ว. ชุดที่ 12,สายกลุ่มการเมือง,พรรคการเมือง & กลุ่มการเมือง,พลเอก อภิรัชต์ คงสมพงษ์,"อภิรัชต์ , พล.อ.อภิรัชต์ , บิ๊กแดง , ลูกบิ๊กจ๊อด",67
114,ส.ส. ชุดที่ 25,สายพรรคการเมือง,พรรคการเมือง & กลุ่มการเมือง,ธนกร วังบุญคงชนะ,ธนกร,66
165,ส.ส. ชุดที่ 25,สายพรรคการเมือง,พรรคการเมือง & กลุ่มการเมือง,สิระ เจนจาคะ,สิระ,51
94,ส.ส. ชุดที่ 25,สายพรรคการเมือง,พรรคการเมือง & กลุ่มการเมือง,ชวน หลีกภัย,"ชวน , ปธ.ชวน",44
35,ครม. ชุดที่ 62,สายพรรคการเมือง,พรรคการเมือง & กลุ่มการเมือง,จุรินทร์ ลักษณวิศิษฏ์,จุรินทร์,40
96,ส.ส. ชุดที่ 25,สายพรรคการเมือง,พรรคการเมือง & กลุ่มการเมือง,จุรินทร์ ลักษณวิศิษฏ์,จุรินทร์,40
51,ครม. ชุดที่ 62,สายพรรคการเมือง,พรรคการเมือง & กลุ่มการเมือง,ร้อยเอก ธรรมนัส พรหมเผ่า,"ธรรมนัส , ผู้กองนัส",39
196,ส.ส. ชุดที่ 25,สายพรรคการเมือง,พรรคการเมือง & กลุ่มการเมือง,ร้อยเอก ธรรมนัส พรหมเผ่า,"ธรรมนัส , ผู้กองนัส",39
205,ส.ส. ชุดที่ 25,สายพรรคการเมือง,พรรคการเมือง & กลุ่มการเมือง,ร้อยเอก ธรรมนัส พรหมเผ่า,"ธรรมนัส , ผู้กองนัส",39
140,ส.ส. ชุดที่ 25,สายพรรคการเมือง,พรรคการเมือง & กลุ่มการเมือง,ปิยบุตร แสงกนกกุล,"ปิยบุตร , กะปิบูด , บูด",34
123,ส.ส. ชุดที่ 25,สายพรรคการเมือง,พรรคการเมือง & กลุ่มการเมือง,พลตำรวจเอก เสรีพิศุทธ์ เตมียเวส,"เสรีพิศุทธ์ , ป๊าเสรี , วีรบุรุษนาแก",33
61,ครม. ชุดที่ 62,สายพรรคการเมือง,พรรคการเมือง & กลุ่มการเมือง,สนธิรัตน์ สนธิจิรวงศ์,สนธิรัตน์,30
275,พรรคการเมือง,สายพรรคการเมือง,พรรคการเมือง & กลุ่มการเมือง,พรรคเสรีรวมไทย,เสรีรวมไทย,22
41,ครม. ชุดที่ 62,สายพรรคการเมือง,พรรคการเมือง & กลุ่มการเมือง,อุตตม สาวนายน,อุตตม,20
229,ส.ส. ชุดที่ 25,สายพรรคการเมือง,พรรคการเมือง & กลุ่มการเมือง,ปารีณา ไกรคุปต์,ปารีณา,20
54,ครม. ชุดที่ 62,สายพรรคการเมือง,พรรคการเมือง & กลุ่มการเมือง,ศักดิ์สยาม ชิดชอบ,ศักดิ์สยาม,19
118,ส.ส. ชุดที่ 25,สายพรรคการเมือง,พรรคการเมือง & กลุ่มการเมือง,ศักดิ์สยาม ชิดชอบ,ศักดิ์สยาม,19
115,ส.ส. ชุดที่ 25,สายพรรคการเมือง,พรรคการเมือง & กลุ่มการเมือง,ไพบูลย์ นิติตะวัน,ไพบูลย์,18
164,ส.ส. ชุดที่ 25,สายพรรคการเมือง,พรรคการเมือง & กลุ่มการเมือง,ไพบูลย์ นิติตะวัน,ไพบูลย์,18
216,ส.ส. ชุดที่ 25,สายพรรคการเมือง,พรรคการเมือง & กลุ่มการเมือง,สุทิน คลังแสง,สุทิน,18
78,ครม. ชุดที่ 62,สายพรรคการเมือง,พรรคการเมือง & กลุ่มการเมือง,สุริยะ จึงรุ่งเรืองกิจ,สุริยะ,16
105,ส.ส. ชุดที่ 25,สายพรรคการเมือง,พรรคการเมือง & กลุ่มการเมือง,สุริยะ จึงรุ่งเรืองกิจ,สุริยะ,16
79,ส.ส. ชุดที่ 25,สายพรรคการเมือง,พรรคการเมือง & กลุ่มการเมือง,พิธา ลิ้มเจริญรัตน์,พิธา,16
141,ส.ส. ชุดที่ 25,สายพรรคการเมือง,พรรคการเมือง & กลุ่มการเมือง,พิธา ลิ้มเจริญรัตน์,"พิธา , ทิม",16
279,พรรคการเมือง,สายพรรคการเมือง,พรรคการเมือง & กลุ่มการเมือง,พรรคไทยศรีวิไลย์,ไทยศรีวิไลย์,16
284,พรรคการเมือง,สายพรรคการเมือง,พรรคการเมือง & กลุ่มการเมือง,พรรคเศรษฐกิจไทย,เศรษฐกิจไทย,16
144,ส.ส. ชุดที่ 25,สายพรรคการเมือง,พรรคการเมือง & กลุ่มการเมือง,พรรณิการ์ วานิช,"พรรณิการ์ , ช่อ",15
244,ส.ว. ชุดที่ 12,สายกลุ่มการเมือง,พรรคการเมือง & กลุ่มการเมือง,เสรี สุวรรณภานนท์,เสรี,15
60,ครม. ชุดที่ 62,สายพรรคการเมือง,พรรคการเมือง & กลุ่มการเมือง,วราวุธ ศิลปอาชา,วราวุธ,14
130,ส.ส. ชุดที่ 25,สายพรรคการเมือง,พรรคการเมือง & กลุ่มการเมือง,วราวุธ ศิลปอาชา,วราวุธ,14
65,ครม. ชุดที่ 62,สายพรรคการเมือง,พรรคการเมือง & กลุ่มการเมือง,พลเอก อนุพงษ์ เผ่าจินดา,"อนุพงษ์ , ป๊อก , บิ๊กป๊อก , พล.อ.อนุพงษ์",14
66,ครม. ชุดที่ 62,สายพรรคการเมือง,พรรคการเมือง & กลุ่มการเมือง,นิพนธ์ บุญญามณี,นิพนธ์,14
68,ครม. ชุดที่ 62,สายพรรคการเมือง,พรรคการเมือง & กลุ่มการเมือง,สมศักดิ์ เทพสุทิน,สมศักดิ์,14
107,ส.ส. ชุดที่ 25,สายพรรคการเมือง,พรรคการเมือง & กลุ่มการเมือง,สมศักดิ์ เทพสุทิน,สมศักดิ์,14
269,พรรคการเมือง,สายพรรคการเมือง,พรรคการเมือง & กลุ่มการเมือง,พรรคเศรษฐกิจใหม่,"เศรษฐกิจใหม่ , ศม.",14
195,ส.ส. ชุดที่ 25,สายพรรคการเมือง,พรรคการเมือง & กลุ่มการเมือง,ชลน่าน ศรีแก้ว,ชลน่าน,13
204,ส.ส. ชุดที่ 25,สายพรรคการเมือง,พรรคการเมือง & กลุ่มการเมือง,ชลน่าน ศรีแก้ว,ชลน่าน,13
199,ส.ส. ชุดที่ 25,สายพรรคการเมือง,พรรคการเมือง & กลุ่มการเมือง,ศรัณย์วุฒิ ศรัณย์เกตุ,ศรัณย์วุฒิ,12
231,ส.ว. ชุดที่ 12,สายกลุ่มการเมือง,พรรคการเมือง & กลุ่มการเมือง,คำนูณ สิทธิสมาน,คำนูณ,12
59,ครม. ชุดที่ 62,สายพรรคการเมือง,พรรคการเมือง & กลุ่มการเมือง,ชัยวุฒิ ธนาคมานุสรณ์,ชัยวุฒิ,11
111,ส.ส. ชุดที่ 25,สายพรรคการเมือง,พรรคการเมือง & กลุ่มการเมือง,ชัยวุฒิ ธนาคมานุสรณ์,ชัยวุฒิ,11
233,ส.ว. ชุดที่ 12,สายกลุ่มการเมือง,พรรคการเมือง & กลุ่มการเมือง,ถวิล เปลี่ยนศรี,ถวิล,11
276,พรรคการเมือง,สายพรรคการเมือง,พรรคการเมือง & กลุ่มการเมือง,พรรคประชาชาติ,ประชาชาติ,11
260,ส.ว. ชุดที่ 12,สายกลุ่มการเมือง,พรรคการเมือง & กลุ่มการเมือง,พลตำรวจเอก จักรทิพย์ ชัยจินดา,"จักรทิพย์ , บิ๊กแป๊ะ",10
117,ส.ส. ชุดที่ 25,สายพรรคการเมือง,พรรคการเมือง & กลุ่มการเมือง,ชัย ชิดชอบ,ชัย,10
129,ส.ส. ชุดที่ 25,สายพรรคการเมือง,พรรคการเมือง & กลุ่มการเมือง,มิ่งขวัญ แสงสุวรรณ์,"มิ่งขวัญ , เจ๊มิ่ง",10
83,ส.ส. ชุดที่ 25,สายพรรคการเมือง,พรรคการเมือง & กลุ่มการเมือง,รังสิมันต์ โรม,"รังสิมันต์ , โรม",9
149,ส.ส. ชุดที่ 25,สายพรรคการเมือง,พรรคการเมือง & กลุ่มการเมือง,รังสิมันต์ โรม,รังสิมันต์,9
109,ส.ส. ชุดที่ 25,สายพรรคการเมือง,พรรคการเมือง & กลุ่มการเมือง,วิรัช รัตนเศรษฐ,วิรัช,9
194,ส.ส. ชุดที่ 25,สายพรรคการเมือง,พรรคการเมือง & กลุ่มการเมือง,ศรีนวล บุญลือ,ศรีนวล,9
203,ส.ส. ชุดที่ 25,สายพรรคการเมือง,พรรคการเมือง & กลุ่มการเมือง,ศรีนวล บุญลือ,ศรีนวล,9
280,พรรคการเมือง,สายพรรคการเมือง,พรรคการเมือง & กลุ่มการเมือง,พรรคไทยรักษาชาติ,"ไทยรักษาชาติ , ทษช.",9
32,ครม. ชุดที่ 62,สายพรรคการเมือง,พรรคการเมือง & กลุ่มการเมือง,สมคิด จาตุศรีพิทักษ์,"สมคิด , รองฯ สมคิด",8
86,ส.ส. ชุดที่ 25,สายพรรคการเมือง,พรรคการเมือง & กลุ่มการเมือง,อมรัตน์ โชคปมิตต์กุล,"อมรัตน์ , เจี๊ยบ ก้าวไกล , เจี๊ยบ , ส.ส.เจี๊ยบ , เจ๊เจี๊ยบ ก้าวไกล , เจี๊ยบ คอนถม",8
277,พรรคการเมือง,สายพรรคการเมือง,พรรคการเมือง & กลุ่มการเมือง,พรรคเพื่อชาติ,เพื่อชาติ,8
39,ครม. ชุดที่ 62,สายพรรคการเมือง,พรรคการเมือง & กลุ่มการเมือง,อนุชา นาคาศัย,อนุชา,7
177,ส.ส. ชุดที่ 25,สายพรรคการเมือง,พรรคการเมือง & กลุ่มการเมือง,อนุชา นาคาศัย,อนุชา,7
56,ครม. ชุดที่ 62,สายพรรคการเมือง,พรรคการเมือง & กลุ่มการเมือง,ถาวร เสนเนียม,ถาวร,7
77,ครม. ชุดที่ 62,สายพรรคการเมือง,พรรคการเมือง & กลุ่มการเมือง,สาธิต ปิตุเตชะ,สาธิต,7
227,ส.ส. ชุดที่ 25,สายพรรคการเมือง,พรรคการเมือง & กลุ่มการเมือง,สาธิต ปิตุเตชะ,สาธิต,7
167,ส.ส. ชุดที่ 25,สายพรรคการเมือง,พรรคการเมือง & กลุ่มการเมือง,จิรายุ ห่วงทรัพย์,จิรายุ,7
268,พรรคการเมือง,สายพรรคการเมือง,พรรคการเมือง & กลุ่มการเมือง,พรรคพลังท้องถิ่นไท,พลังท้องถิ่นไท,7
44,ครม. ชุดที่ 62,สายพรรคการเมือง,พรรคการเมือง & กลุ่มการเมือง,สันติ พร้อมพัฒน์,สันติ,6
110,ส.ส. ชุดที่ 25,สายพรรคการเมือง,พรรคการเมือง & กลุ่มการเมือง,สันติ พร้อมพัฒน์,สันติ,6
71,ครม. ชุดที่ 62,สายพรรคการเมือง,พรรคการเมือง & กลุ่มการเมือง,นฤมล ภิญโญสินวัฒน์,นฤมล,6
108,ส.ส. ชุดที่ 25,สายพรรคการเมือง,พรรคการเมือง & กลุ่มการเมือง,นฤมล ภิญโญสินวัฒน์,นฤมล,6
76,ครม. ชุดที่ 62,สายพรรคการเมือง,พรรคการเมือง & กลุ่มการเมือง,กนกวรรณ วิลาวัลย์,กนกวรรณ,6
119,ส.ส. ชุดที่ 25,สายพรรคการเมือง,พรรคการเมือง & กลุ่มการเมือง,กนกวรรณ วิลาวัลย์,กนกวรรณ,6
181,ส.ส. ชุดที่ 25,สายพรรคการเมือง,พรรคการเมือง & กลุ่มการเมือง,นิโรธ สุนทรเลขา,นิโรธ,6
183,ส.ส. ชุดที่ 25,สายพรรคการเมือง,พรรคการเมือง & กลุ่มการเมือง,พรพิมล ธรรมสาร,พรพิมล,6
281,พรรคการเมือง,สายพรรคการเมือง,พรรคการเมือง & กลุ่มการเมือง,พรรคกล้า,กล้า,6
88,ส.ส. ชุดที่ 25,สายพรรคการเมือง,พรรคการเมือง & กลุ่มการเมือง,วิโรจน์ ลักขณาอดิศร,วิโรจน์,5
157,ส.ส. ชุดที่ 25,สายพรรคการเมือง,พรรคการเมือง & กลุ่มการเมือง,วิโรจน์ ลักขณาอดิศร,วิโรจน์,5
270,พรรคการเมือง,สายพรรคการเมือง,พรรคการเมือง & กลุ่มการเมือง,พรรคชาติพัฒนา,"ชาติพัฒนา , ชพ.",5
36,ครม. ชุดที่ 62,สายพรรคการเมือง,พรรคการเมือง & กลุ่มการเมือง,ดอน ปรมัตถ์วินัย,ดอน,4
45,ครม. ชุดที่ 62,สายพรรคการเมือง,พรรคการเมือง & กลุ่มการเมือง,ดอน ปรมัตถ์วินัย,ดอน,4
245,ส.ว. ชุดที่ 12,สายกลุ่มการเมือง,พรรคการเมือง & กลุ่มการเมือง,ดอน ปรมัตถ์วินัย,ดอน,4
38,ครม. ชุดที่ 62,สายพรรคการเมือง,พรรคการเมือง & กลุ่มการเมือง,เทวัญ ลิปตพัลลภ,เทวัญ,4
134,ส.ส. ชุดที่ 25,สายพรรคการเมือง,พรรคการเมือง & กลุ่มการเมือง,เทวัญ ลิปตพัลลภ,เทวัญ,4
50,ครม. ชุดที่ 62,สายพรรคการเมือง,พรรคการเมือง & กลุ่มการเมือง,เฉลิมชัย ศรีอ่อน,เฉลิมชัย,4
85,ส.ส. ชุดที่ 25,สายพรรคการเมือง,พรรคการเมือง & กลุ่มการเมือง,คารม พลพรกลาง,คารม,4
154,ส.ส. ชุดที่ 25,สายพรรคการเมือง,พรรคการเมือง & กลุ่มการเมือง,คารม พลพรกลาง,คารม,4
97,ส.ส. ชุดที่ 25,สายพรรคการเมือง,พรรคการเมือง & กลุ่มการเมือง,กรณ์ จาติกวณิช,กรณ์,4
131,ส.ส. ชุดที่ 25,สายพรรคการเมือง,พรรคการเมือง & กลุ่มการเมือง,นิกร จำนง,นิกร,4
192,ส.ส. ชุดที่ 25,สายพรรคการเมือง,พรรคการเมือง & กลุ่มการเมือง,สมพงษ์ อมรวิวัฒน์,สมพงษ์,4
201,ส.ส. ชุดที่ 25,สายพรรคการเมือง,พรรคการเมือง & กลุ่มการเมือง,สมพงษ์ อมรวิวัฒน์,สมพงษ์,4
215,ส.ส. ชุดที่ 25,สายพรรคการเมือง,พรรคการเมือง & กลุ่มการเมือง,ยุทธพงศ์ จรัสเสถียร,ยุทธพงศ์,4
286,พรรคการเมือง,สายพรรคการเมือง,พรรคการเมือง & กลุ่มการเมือง,พรรคสร้างอนาคตไทย,สร้างอนาคตไทย,4
47,ครม. ชุดที่ 62,สายพรรคการเมือง,พรรคการเมือง & กลุ่มการเมือง,จุติ ไกรฤกษ์,จุติ,3
98,ส.ส. ชุดที่ 25,สายพรรคการเมือง,พรรคการเมือง & กลุ่มการเมือง,จุติ ไกรฤกษ์,จุติ,3
48,ครม. ชุดที่ 62,สายพรรคการเมือง,พรรคการเมือง & กลุ่มการเมือง,สุวิทย์ เมษินทรีย์,สุวิทย์,3
58,ครม. ชุดที่ 62,สายพรรคการเมือง,พรรคการเมือง & กลุ่มการเมือง,พุทธิพงษ์ ปุณณกันต์,พุทธิพงษ์,3
106,ส.ส. ชุดที่ 25,สายพรรคการเมือง,พรรคการเมือง & กลุ่มการเมือง,พุทธิพงษ์ ปุณณกันต์,พุทธิพงษ์,3
73,ครม. ชุดที่ 62,สายพรรคการเมือง,พรรคการเมือง & กลุ่มการเมือง,ณัฏฐพล ทีปสุวรรณ,ณัฏฐพล,3
104,ส.ส. ชุดที่ 25,สายพรรคการเมือง,พรรคการเมือง & กลุ่มการเมือง,ณัฏฐพล ทีปสุวรรณ,ณัฏฐพล,3
166,ส.ส. ชุดที่ 25,สายพรรคการเมือง,พรรคการเมือง & กลุ่มการเมือง,นาวาอากาศเอก อนุดิษฐ์ นาครทรรพ,อนุดิษฐ์,3
184,ส.ส. ชุดที่ 25,สายพรรคการเมือง,พรรคการเมือง & กลุ่มการเมือง,ปดิพัทธ์ สันติภาดา,ปดิพัทธ์,3
187,ส.ส. ชุดที่ 25,สายพรรคการเมือง,พรรคการเมือง & กลุ่มการเมือง,ชาดา ไทยเศรษฐ์,ชาดา,3
257,ส.ว. ชุดที่ 12,สายกลุ่มการเมือง,พรรคการเมือง & กลุ่มการเมือง,พลอากาศเอก แอร์บูล สุทธิวรรณ,แอร์บูล,2
99,ส.ส. ชุดที่ 25,สายพรรคการเมือง,พรรคการเมือง & กลุ่มการเมือง,องอาจ คล้ามไพบูลย์,องอาจ,2
135,ส.ส. ชุดที่ 25,สายพรรคการเมือง,พรรคการเมือง & กลุ่มการเมือง,มงคลกิตติ์ สุขสินธารานนท์,"มงคลกิตติ์ , ด.ช.มงคลกิตติ์ , เต้ มงคลกิตติ์ , เต้  พระราม 7",2
138,ส.ส. ชุดที่ 25,สายพรรคการเมือง,พรรคการเมือง & กลุ่มการเมือง,นิคม บุญวิเศษ,นิคม,2
172,ส.ส. ชุดที่ 25,สายพรรคการเมือง,พรรคการเมือง & กลุ่มการเมือง,ณัฐชา บุญไชยอินสวัสดิ์,ณัฐชา,2
180,ส.ส. ชุดที่ 25,สายพรรคการเมือง,พรรคการเมือง & กลุ่มการเมือง,วีระกร คำประกอบ,วีระกร,2
220,ส.ส. ชุดที่ 25,สายพรรคการเมือง,พรรคการเมือง & กลุ่มการเมือง,ผ่องศรี แซ่จึง,ผ่องศรี,2
222,ส.ส. ชุดที่ 25,สายพรรคการเมือง,พรรคการเมือง & กลุ่มการเมือง,จารึก ศรีอ่อน,จารึก,2
223,ส.ส. ชุดที่ 25,สายพรรคการเมือง,พรรคการเมือง & กลุ่มการเมือง,สุชาติ ตันเจริญ,สุชาติ,2
226,ส.ส. ชุดที่ 25,สายพรรคการเมือง,พรรคการเมือง & กลุ่มการเมือง,กวินนาถ ตาคีย์,กวินนาถ,2
234,ส.ว. ชุดที่ 12,สายกลุ่มการเมือง,พรรคการเมือง & กลุ่มการเมือง,ธานี อ่อนละเอียด,ธานี,2
239,ส.ว. ชุดที่ 12,สายกลุ่มการเมือง,พรรคการเมือง & กลุ่มการเมือง,วันชัย สอนศิริ,วันชัย,2
285,พรรคการเมือง,สายพรรคการเมือง,พรรคการเมือง & กลุ่มการเมือง,พรรคไทยภักดี,ไทยภักดี,2
261,ส.ว. ชุดที่ 12,สายกลุ่มการเมือง,พรรคการเมือง & กลุ่มการเมือง,พลตำรวจเอก สุวัฒน์ แจ้งยอดสุข,สุวัฒน์,1
37,ครม. ชุดที่ 62,สายพรรคการเมือง,พรรคการเมือง & กลุ่มการเมือง,สุพัฒนพงษ์ พันธ์มีเชาว์,สุพัฒนพงษ์,1
62,ครม. ชุดที่ 62,สายพรรคการเมือง,พรรคการเมือง & กลุ่มการเมือง,สุพัฒนพงษ์ พันธ์มีเชาว์,สุพัฒนพงษ์,1
49,ครม. ชุดที่ 62,สายพรรคการเมือง,พรรคการเมือง & กลุ่มการเมือง,เอนก เหล่าธรรมทัศน์,เอนก,1
55,ครม. ชุดที่ 62,สายพรรคการเมือง,พรรคการเมือง & กลุ่มการเมือง,อธิรัฐ รัตนเศรษฐ,อธิรัฐ,1
212,ส.ส. ชุดที่ 25,สายพรรคการเมือง,พรรคการเมือง & กลุ่มการเมือง,อธิรัฐ รัตนเศรษฐ,อธิรัฐ,1
70,ครม. ชุดที่ 62,สายพรรคการเมือง,พรรคการเมือง & กลุ่มการเมือง,สุชาติ ชมกลิ่น,สุชาติ,1
224,ส.ส. ชุดที่ 25,สายพรรคการเมือง,พรรคการเมือง & กลุ่มการเมือง,สุชาติ ชมกลิ่น,สุชาติ,1
80,ส.ส. ชุดที่ 25,สายพรรคการเมือง,พรรคการเมือง & กลุ่มการเมือง,สุรเชษฐ์ ประวีณวงศ์วุฒิ,สุรเชษฐ์,1
145,ส.ส. ชุดที่ 25,สายพรรคการเมือง,พรรคการเมือง & กลุ่มการเมือง,สุรเชษฐ์ ประวีณวงศ์วุฒิ,สุรเชษฐ์,1
81,ส.ส. ชุดที่ 25,สายพรรคการเมือง,พรรคการเมือง & กลุ่มการเมือง,พิจารณ์ เชาวพัฒนวงศ์,พิจารณ์,1
84,ส.ส. ชุดที่ 25,สายพรรคการเมือง,พรรคการเมือง & กลุ่มการเมือง,สุเทพ อู่อ้น,สุเทพ,1
153,ส.ส. ชุดที่ 25,สายพรรคการเมือง,พรรคการเมือง & กลุ่มการเมือง,สุเทพ อู่อ้น,สุเทพ,1
90,ส.ส. ชุดที่ 25,สายพรรคการเมือง,พรรคการเมือง & กลุ่มการเมือง,ณัฐวุฒิ บัวประทุม,ณัฐวุฒิ,1
160,ส.ส. ชุดที่ 25,สายพรรคการเมือง,พรรคการเมือง & กลุ่มการเมือง,ณัฐวุฒิ บัวประทุม,ณัฐวุฒิ,1
103,ส.ส. ชุดที่ 25,สายพรรคการเมือง,พรรคการเมือง & กลุ่มการเมือง,มัลลิกา บุญมีตระกูล มหาสุข,มัลลิกา,1
112,ส.ส. ชุดที่ 25,สายพรรคการเมือง,พรรคการเมือง & กลุ่มการเมือง,เอกราช ช่างเหลา,เอกราช,1
122,ส.ส. ชุดที่ 25,สายพรรคการเมือง,พรรคการเมือง & กลุ่มการเมือง,เอกราช ช่างเหลา,เอกราช,1
121,ส.ส. ชุดที่ 25,สายพรรคการเมือง,พรรคการเมือง & กลุ่มการเมือง,สำลี รักสุทธี,สำลี,1
161,ส.ส. ชุดที่ 25,สายพรรคการเมือง,พรรคการเมือง & กลุ่มการเมือง,สำลี รักสุทธี,สำลี,1
125,ส.ส. ชุดที่ 25,สายพรรคการเมือง,พรรคการเมือง & กลุ่มการเมือง,วิรัตน์ วรศสิริน,วิรัตน์,1
156,ส.ส. ชุดที่ 25,สายพรรคการเมือง,พรรคการเมือง & กลุ่มการเมือง,นิรามาน สุไลมาน,นิรามาน,1
168,ส.ส. ชุดที่ 25,สายพรรคการเมือง,พรรคการเมือง & กลุ่มการเมือง,ธีรรัตน์ สำเร็จวาณิชย์,ธีรรัตน์,1
173,ส.ส. ชุดที่ 25,สายพรรคการเมือง,พรรคการเมือง & กลุ่มการเมือง,จิรวัฒน์ อรัณยกานนท์,จิรวัฒน์,1
175,ส.ส. ชุดที่ 25,สายพรรคการเมือง,พรรคการเมือง & กลุ่มการเมือง,ไผ่ ลิกค์,ไผ่,1
176,ส.ส. ชุดที่ 25,สายพรรคการเมือง,พรรคการเมือง & กลุ่มการเมือง,พันตำรวจโท ไวพจน์ อาภรณ์รัตน์,ไวพจน์,1
209,ส.ส. ชุดที่ 25,สายพรรคการเมือง,พรรคการเมือง & กลุ่มการเมือง,วัฒนา ช่างเหลา,วัฒนา,1
211,ส.ส. ชุดที่ 25,สายพรรคการเมือง,พรรคการเมือง & กลุ่มการเมือง,ประเสริฐ จันทรรวงทอง,ประเสริฐ,1
232,ส.ว. ชุดที่ 12,สายกลุ่มการเมือง,พรรคการเมือง & กลุ่มการเมือง,พลอากาศตรี เฉลิมชัย เครืองาม,เฉลิมชัย,1
236,ส.ว. ชุดที่ 12,สายกลุ่มการเมือง,พรรคการเมือง & กลุ่มการเมือง,พลเอก ปรีชา จันทร์โอชา,ปรีชา,1
242,ส.ว. ชุดที่ 12,สายกลุ่มการเมือง,พรรคการเมือง & กลุ่มการเมือง,สมชาย แสวงการ,สมชาย,1
267,พรรคการเมือง,สายพรรคการเมือง,พรรคการเมือง & กลุ่มการเมือง,พรรครวมพลัง,"รวมพลัง , รวมพลังประชาชาติไทย , รพปช.",1
271,พรรคการเมือง,สายพรรคการเมือง,พรรคการเมือง & กลุ่มการเมือง,พรรครักษ์ผืนป่าประเทศไทย,รักษ์ผืนป่าประเทศไทย,1
287,พรรคการเมือง,สายพรรคการเมือง,พรรคการเมือง & กลุ่มการเมือง,พรรครวมไทยสร้างชาติ,รวมไทยสร้างชาติ,1
238,ส.ว. ชุดที่ 12,สายกลุ่มการเมือง,พรรคการเมือง & กลุ่มการเมือง,ศาสตราจารย์ (พิเศษ) พรเพชร วิชิตชลชัย,พรเพชร,0
9,ผบ. ทบ.,สายทหาร,ตำรวจ & ทหาร,พลเอก อภิรัชต์ คงสมพงษ์,"อภิรัชต์ , พล.อ.อภิรัชต์ , บิ๊กแดง , ลูกบิ๊กจ๊อด",67
20,ผบ. ตร.,สายตำรวจ,ตำรวจ & ทหาร,พลตำรวจเอก จักรทิพย์ ชัยจินดา,"จักรทิพย์ , บิ๊กแป๊ะ",10
17,ผบ. ทอ.,สายทหาร,ตำรวจ & ทหาร,พลอากาศเอก แอร์บูล สุทธิวรรณ,แอร์บูล,2
21,ผบ. ตร.,สายตำรวจ,ตำรวจ & ทหาร,พลตำรวจเอก สุวัฒน์ แจ้งยอดสุข,สุวัฒน์,1
