date_time,title,link,person,groups,sub_categories,categories,score,year,month
2022-10-04 14:00:00,“ประยุทธ์” เผยยังไม่ได้คิดวางทายาทการเมือง ปัดตอบกระแสข่าว “จักรทิพย์” เป็นทายาท 3 ป.,https://mgronline.com/politics/detail/9650000095166,"พลตำรวจเอก จักรทิพย์ ชัยจินดา,พลเอก ประยุทธ์ จันทร์โอชา,พลตำรวจเอก จักรทิพย์ ชัยจินดา,","ผบ. ตร.,ครม. ชุดที่ 62,ส.ว. ชุดที่ 12,","สายตำรวจ,สายพรรคการเมือง,สายกลุ่มการเมือง,","ตำรวจ & ทหาร,พรรคการเมือง & กลุ่มการเมือง,พรรคการเมือง & กลุ่มการเมือง,",1.0,2022,10
2022-02-24 19:52:00,โปรดเกล้าฯ แต่งตั้ง “สุวัฒน์-จรุงวิทย์” เป็น ส.ว.แทนตำแหน่งที่ว่าง,https://mgronline.com/politics/detail/9650000018933,"พลตำรวจเอก สุวัฒน์ แจ้งยอดสุข,พลตำรวจเอก สุวัฒน์ แจ้งยอดสุข,พรรคกล้า,","ผบ. ตร.,ส.ว. ชุดที่ 12,พรรคการเมือง,","สายตำรวจ,สายกลุ่มการเมือง,สายพรรคการเมือง,","ตำรวจ & ทหาร,พรรคการเมือง & กลุ่มการเมือง,พรรคการเมือง & กลุ่มการเมือง,",1.0,2022,2
2021-11-16 15:09:00,“บิ๊กป้อม” ปัดตอบ “บิ๊กแป๊ะ” ช่วยงานพรรคด้านไหน? หลังโผล่ลงพื้นที่สกลนคร,https://mgronline.com/politics/detail/9640000113649,"พลตำรวจเอก จักรทิพย์ ชัยจินดา,พลเอก ประวิตร วงษ์สุวรรณ,พลตำรวจเอก จักรทิพย์ ชัยจินดา,","ผบ. ตร.,ครม. ชุดที่ 62,ส.ว. ชุดที่ 12,","สายตำรวจ,สายพรรคการเมือง,สายกลุ่มการเมือง,","ตำรวจ & ทหาร,พรรคการเมือง & กลุ่มการเมือง,พรรคการเมือง & กลุ่มการเมือง,",1.0,2021,11
2021-11-16 11:59:00,“วิษณุ” กาง กม. ชี้ “บิ๊กแป๊ะ” เป็นสมาชิกพรรคการเมืองไม่ได้ กำชับ รมต.ใช้สิทธิเลือกตั้ง อบต.,https://mgronline.com/politics/detail/9640000113538,"พลตำรวจเอก จักรทิพย์ ชัยจินดา,วิษณุ เครืองาม,พลตำรวจเอก จักรทิพย์ ชัยจินดา,","ผบ. ตร.,ครม. ชุดที่ 62,ส.ว. ชุดที่ 12,","สายตำรวจ,สายพรรคการเมือง,สายกลุ่มการเมือง,","ตำรวจ & ทหาร,พรรคการเมือง & กลุ่มการเมือง,พรรคการเมือง & กลุ่มการเมือง,",1.0,2021,11
2021-11-15 19:43:00,“วิษณุ” คอนเฟิร์ม “บิ๊กแป๊ะ” เป็นสมาชิกพรรคได้ แม้พ้น ส.ว.ไม่เกิน 2 ปี แต่รับตำแหน่งการเมืองไม่ได้,https://mgronline.com/politics/detail/9640000113354,"พลตำรวจเอก จักรทิพย์ ชัยจินดา,วิษณุ เครืองาม,พลตำรวจเอก จักรทิพย์ ชัยจินดา,","ผบ. ตร.,ครม. ชุดที่ 62,ส.ว. ชุดที่ 12,","สายตำรวจ,สายพรรคการเมือง,สายกลุ่มการเมือง,","ตำรวจ & ทหาร,พรรคการเมือง & กลุ่มการเมือง,พรรคการเมือง & กลุ่มการเมือง,",1.0,2021,11
2021-11-02 10:59:00,“บิ๊กแป๊ะ” ถอนตัวชิงผู้ว่าฯ กทม. ไม่ได้มาปรึกษา “บิ๊กป้อม”,https://mgronline.com/politics/detail/9640000108457,"พลตำรวจเอก จักรทิพย์ ชัยจินดา,พลเอก ประวิตร วงษ์สุวรรณ,พลตำรวจเอก จักรทิพย์ ชัยจินดา,","ผบ. ตร.,ครม. ชุดที่ 62,ส.ว. ชุดที่ 12,","สายตำรวจ,สายพรรคการเมือง,สายกลุ่มการเมือง,","ตำรวจ & ทหาร,พรรคการเมือง & กลุ่มการเมือง,พรรคการเมือง & กลุ่มการเมือง,",1.0,2021,11
2021-11-01 17:33:00,ด่วน! “บิ๊กแป๊ะ” ยอมถอยไม่ลงชิงผู้ว่าฯ กทม.คาดเปิดทาง “อัศวิน” อยู่ต่อ,https://mgronline.com/politics/detail/9640000108259,"พลตำรวจเอก จักรทิพย์ ชัยจินดา,พลตำรวจเอก จักรทิพย์ ชัยจินดา,","ผบ. ตร.,ส.ว. ชุดที่ 12,","สายตำรวจ,สายกลุ่มการเมือง,","ตำรวจ & ทหาร,พรรคการเมือง & กลุ่มการเมือง,",1.0,2021,11
2021-05-12 20:15:00,“บิ๊กแป๊ะ” เปิดหน้าซัด “อัศวิน” หาเสียงล่วงหน้าผู้ว่าฯ กทม.,https://mgronline.com/politics/detail/9640000045785,"พลตำรวจเอก จักรทิพย์ ชัยจินดา,พลตำรวจเอก จักรทิพย์ ชัยจินดา,","ผบ. ตร.,ส.ว. ชุดที่ 12,","สายตำรวจ,สายกลุ่มการเมือง,","ตำรวจ & ทหาร,พรรคการเมือง & กลุ่มการเมือง,",-1.0,2021,5
2021-03-05 14:14:00,“แอร์บูล” ไร้กังวลเสื้อแดงเดินเฉียด ทอ. ยันไม่มีนโยบายไอโอ “บิ๊กตู่” แนะอย่าตอบโต้,https://mgronline.com/politics/detail/9640000021604,"พลอากาศเอก แอร์บูล สุทธิวรรณ,พลเอก ประยุทธ์ จันทร์โอชา,พลอากาศเอก แอร์บูล สุทธิวรรณ,","ผบ. ทอ.,ครม. ชุดที่ 62,ส.ว. ชุดที่ 12,","สายทหาร,สายพรรคการเมือง,สายกลุ่มการเมือง,","ตำรวจ & ทหาร,พรรคการเมือง & กลุ่มการเมือง,พรรคการเมือง & กลุ่มการเมือง,",1.0,2021,3
2020-12-09 14:40:00,“แอร์บูล” ดับฝันม็อบ สาธารณรัฐทำไม่ได้ เมินกดดัน ผบ.นั่ง ส.ว. ชี้ถูกจับตามองอยู่แล้ว,https://mgronline.com/politics/detail/9630000126168,"พลอากาศเอก แอร์บูล สุทธิวรรณ,พลอากาศเอก แอร์บูล สุทธิวรรณ,","ผบ. ทอ.,ส.ว. ชุดที่ 12,","สายทหาร,สายกลุ่มการเมือง,","ตำรวจ & ทหาร,พรรคการเมือง & กลุ่มการเมือง,",1.0,2020,12
2020-09-23 16:18:00,“บิ๊กบี้” ลั่นทำให้สังคมปกติสุข ค้ำจุนสถาบันฯ “บิ๊กกบ-บิ๊กแดง” ปฏิญาณรักษามรดกพระองค์ด้วยชีวิต,https://mgronline.com/politics/detail/9630000097580,"พลเอก อภิรัชต์ คงสมพงษ์,พลเอก อภิรัชต์ คงสมพงษ์,","ผบ. ทบ.,ส.ว. ชุดที่ 12,","สายทหาร,สายกลุ่มการเมือง,","ตำรวจ & ทหาร,พรรคการเมือง & กลุ่มการเมือง,",1.0,2020,9
2020-09-18 14:35:00,“บิ๊กแดง” สั่งป้องกัน บก.ทบ.รับมือม็อบ ตั้งแบริเออร์​-ลวดหนาม-3 กองร้อยเฝ้าทำเนียบ,https://mgronline.com/politics/detail/9630000095690,"พลเอก อภิรัชต์ คงสมพงษ์,พลเอก อภิรัชต์ คงสมพงษ์,","ผบ. ทบ.,ส.ว. ชุดที่ 12,","สายทหาร,สายกลุ่มการเมือง,","ตำรวจ & ทหาร,พรรคการเมือง & กลุ่มการเมือง,",1.0,2020,9
2020-09-11 18:57:00,“บิ๊กแดง” เผย “บิ๊กตู่” ย้ำอย่าให้โผทหารทำแตกแยก เตือนยึดความรับผิดชอบก่อนเกียรติยศ,https://mgronline.com/politics/detail/9630000093300,"พลเอก อภิรัชต์ คงสมพงษ์,พลเอก ประยุทธ์ จันทร์โอชา,พลเอก อภิรัชต์ คงสมพงษ์,","ผบ. ทบ.,ครม. ชุดที่ 62,ส.ว. ชุดที่ 12,","สายทหาร,สายพรรคการเมือง,สายกลุ่มการเมือง,","ตำรวจ & ทหาร,พรรคการเมือง & กลุ่มการเมือง,พรรคการเมือง & กลุ่มการเมือง,",1.0,2020,9
2020-08-19 13:55:00,“บิ๊กแดง” บอกไม่คัดค้านแก้รัฐธรรมนูญ ชี้เป็นกลไกทางการเมือง ปัดเป็นศัตรูประชาชน,https://mgronline.com/politics/detail/9630000085016,"พลเอก อภิรัชต์ คงสมพงษ์,พลเอก อภิรัชต์ คงสมพงษ์,","ผบ. ทบ.,ส.ว. ชุดที่ 12,","สายทหาร,สายกลุ่มการเมือง,","ตำรวจ & ทหาร,พรรคการเมือง & กลุ่มการเมือง,",1.0,2020,8
2020-08-06 18:28:00,ไม่ยอมรับ!? “ปิยบุตร” ดิ้นสู้ “บิ๊กแดง” อ้าง “ประชาชน” คือ “ชาติ” “หมอวรงค์” เย้ย! ไม่ชังชาติเดือดร้อนอะไร?,https://mgronline.com/politics/detail/9630000080622,"พลเอก อภิรัชต์ คงสมพงษ์,ปิยบุตร แสงกนกกุล,พลเอก อภิรัชต์ คงสมพงษ์,","ผบ. ทบ.,ส.ส. ชุดที่ 25,ส.ว. ชุดที่ 12,","สายทหาร,สายพรรคการเมือง,สายกลุ่มการเมือง,","ตำรวจ & ทหาร,พรรคการเมือง & กลุ่มการเมือง,พรรคการเมือง & กลุ่มการเมือง,",-1.0,2020,8
2020-02-12 19:45:00,“บิ๊กตู่” ชี้เป็นสิทธิฝ่ายค้านไม่ลงมติร่างงบฯ แนะจับตา ระบุ “บิ๊กแดง” พูดจากความรู้สึก,https://mgronline.com/politics/detail/9630000014488,"พลเอก อภิรัชต์ คงสมพงษ์,พลเอก ประยุทธ์ จันทร์โอชา,พลเอก อภิรัชต์ คงสมพงษ์,","ผบ. ทบ.,ครม. ชุดที่ 62,ส.ว. ชุดที่ 12,","สายทหาร,สายพรรคการเมือง,สายกลุ่มการเมือง,","ตำรวจ & ทหาร,พรรคการเมือง & กลุ่มการเมือง,พรรคการเมือง & กลุ่มการเมือง,",1.0,2020,2
2020-02-12 18:02:00,ไม่เห่าพร่ำเพรื่อ! “บิ๊กแดง” สื่อเป็นนัย ยก 'ซีบร้า' รู้บุญคุณ มีมารยาท ไม่เหมือนมนุษย์พวก “ชอบด่า”,https://mgronline.com/politics/detail/9630000014452,"พลเอก อภิรัชต์ คงสมพงษ์,พลเอก อภิรัชต์ คงสมพงษ์,","ผบ. ทบ.,ส.ว. ชุดที่ 12,","สายทหาร,สายกลุ่มการเมือง,","ตำรวจ & ทหาร,พรรคการเมือง & กลุ่มการเมือง,",1.0,2020,2
2020-01-11 20:02:00,“บิ๊กแดง” มอง “วิ่งไล่ลุง” ไม่สร้างความวุ่นวาย แต่ห่วงใยในฐานะฝ่ายดูแลความสงบ,https://mgronline.com/politics/detail/9630000003305,"พลเอก อภิรัชต์ คงสมพงษ์,พลเอก อภิรัชต์ คงสมพงษ์,","ผบ. ทบ.,ส.ว. ชุดที่ 12,","สายทหาร,สายกลุ่มการเมือง,","ตำรวจ & ทหาร,พรรคการเมือง & กลุ่มการเมือง,",1.0,2020,1
2019-12-20 14:15:00,“บิ๊กแดง” ชี้บางคนอยู่เบื้องหลังสร้างตัวแทนต่อสู้รัฐ มองวิ่งไล่ลุงมีนัยแอบแฝง,https://mgronline.com/politics/detail/9620000121397,"พลเอก อภิรัชต์ คงสมพงษ์,พลเอก อภิรัชต์ คงสมพงษ์,","ผบ. ทบ.,ส.ว. ชุดที่ 12,","สายทหาร,สายกลุ่มการเมือง,","ตำรวจ & ทหาร,พรรคการเมือง & กลุ่มการเมือง,",1.0,2019,12
2019-12-10 17:06:00,"""บิ๊กแดง"" ยันเองเอกสารเกณฑ์ทหาร ""ธนาธร"" ถูกต้อง ลั่นทบ.ไม่ใช่คู่ขัดแย้งนักการเมือง",https://mgronline.com/politics/detail/9620000117951,"พลเอก อภิรัชต์ คงสมพงษ์,ธนาธร จึงรุ่งเรืองกิจ,พลเอก อภิรัชต์ คงสมพงษ์,","ผบ. ทบ.,ส.ส. ชุดที่ 25,ส.ว. ชุดที่ 12,","สายทหาร,สายพรรคการเมือง,สายกลุ่มการเมือง,","ตำรวจ & ทหาร,พรรคการเมือง & กลุ่มการเมือง,พรรคการเมือง & กลุ่มการเมือง,",1.0,2019,12
2019-11-28 16:41:00,“บิ๊กแดง-ผู้นำเหล่าทัพ” ตบเท้าชี้แจงงบกลาโหม ชูภารกิจปกป้องสถาบันฯ รักษาความสงบชาติ,https://mgronline.com/politics/detail/9620000114275,"พลเอก อภิรัชต์ คงสมพงษ์,พลเอก อภิรัชต์ คงสมพงษ์,","ผบ. ทบ.,ส.ว. ชุดที่ 12,","สายทหาร,สายกลุ่มการเมือง,","ตำรวจ & ทหาร,พรรคการเมือง & กลุ่มการเมือง,",1.0,2019,11
2019-10-24 16:07:00,“บิ๊กตู่” ย้ำเป็นนายกฯ ไม่ง่าย ระบุ “บิ๊กแดง” เคลียร์แล้ว อารมณ์ดีหลังเซ็นสัญญาไฮสปีด,https://mgronline.com/politics/detail/9620000102292,"พลเอก อภิรัชต์ คงสมพงษ์,พลเอก ประยุทธ์ จันทร์โอชา,พลเอก อภิรัชต์ คงสมพงษ์,","ผบ. ทบ.,ครม. ชุดที่ 62,ส.ว. ชุดที่ 12,","สายทหาร,สายพรรคการเมือง,สายกลุ่มการเมือง,","ตำรวจ & ทหาร,พรรคการเมือง & กลุ่มการเมือง,พรรคการเมือง & กลุ่มการเมือง,",1.0,2019,10
2019-10-22 19:02:00,"""บิ๊กแดง"" เปรียบการเมืองกับสลาก ยุคใหม่กินรวบ ยุคเก่ากินแบ่ง ไม่มีศัตรูถาวร",https://mgronline.com/politics/detail/9620000101717,"พลเอก อภิรัชต์ คงสมพงษ์,ถาวร เสนเนียม,พลเอก อภิรัชต์ คงสมพงษ์,","ผบ. ทบ.,ครม. ชุดที่ 62,ส.ว. ชุดที่ 12,","สายทหาร,สายพรรคการเมือง,สายกลุ่มการเมือง,","ตำรวจ & ทหาร,พรรคการเมือง & กลุ่มการเมือง,พรรคการเมือง & กลุ่มการเมือง,",1.0,2019,10
2019-10-22 11:18:00,“สนธิรัตน์” ย้ำ “บิ๊กแดง” พูดแล้วไม่เล่นการเมือง วอนอย่าหยิบเป็นประเด็น,https://mgronline.com/politics/detail/9620000101450,"พลเอก อภิรัชต์ คงสมพงษ์,สนธิรัตน์ สนธิจิรวงศ์,พลเอก อภิรัชต์ คงสมพงษ์,","ผบ. ทบ.,ครม. ชุดที่ 62,ส.ว. ชุดที่ 12,","สายทหาร,สายพรรคการเมือง,สายกลุ่มการเมือง,","ตำรวจ & ทหาร,พรรคการเมือง & กลุ่มการเมือง,พรรคการเมือง & กลุ่มการเมือง,",1.0,2019,10
2019-10-15 15:06:00,"""บิ๊กตู่"" มอง ""บิ๊กแดง"" พูดถึงการปลูกฝังความรักชาติ ขอให้ทุกคนระวังกระทบไฟใต้",https://mgronline.com/politics/detail/9620000099209,"พลเอก อภิรัชต์ คงสมพงษ์,พลเอก ประยุทธ์ จันทร์โอชา,พลเอก อภิรัชต์ คงสมพงษ์,","ผบ. ทบ.,ครม. ชุดที่ 62,ส.ว. ชุดที่ 12,","สายทหาร,สายพรรคการเมือง,สายกลุ่มการเมือง,","ตำรวจ & ทหาร,พรรคการเมือง & กลุ่มการเมือง,พรรคการเมือง & กลุ่มการเมือง,",1.0,2019,10
2019-10-15 10:45:00,“สนธิรัตน์”มอง “บิ๊กแดง”มีสิทธิแสดงความเห็นในมิติความมั่นคง แนะอย่าซีเรียส ขรก.โจมตีการเมือง,https://mgronline.com/politics/detail/9620000099055,"พลเอก อภิรัชต์ คงสมพงษ์,สนธิรัตน์ สนธิจิรวงศ์,พลเอก อภิรัชต์ คงสมพงษ์,","ผบ. ทบ.,ครม. ชุดที่ 62,ส.ว. ชุดที่ 12,","สายทหาร,สายพรรคการเมือง,สายกลุ่มการเมือง,","ตำรวจ & ทหาร,พรรคการเมือง & กลุ่มการเมือง,พรรคการเมือง & กลุ่มการเมือง,",1.0,2019,10
2019-10-15 09:01:00,“ลุงป้อม” เมินตอบปมร้องถอด “บิ๊กแดง” เชื่อทุกคนหวังดี จะสอบจริยธรรมก็ว่ากันไป,https://mgronline.com/politics/detail/9620000099022,"พลเอก อภิรัชต์ คงสมพงษ์,พลเอก ประวิตร วงษ์สุวรรณ,พลเอก อภิรัชต์ คงสมพงษ์,","ผบ. ทบ.,ครม. ชุดที่ 62,ส.ว. ชุดที่ 12,","สายทหาร,สายพรรคการเมือง,สายกลุ่มการเมือง,","ตำรวจ & ทหาร,พรรคการเมือง & กลุ่มการเมือง,พรรคการเมือง & กลุ่มการเมือง,",1.0,2019,10
2019-10-13 14:28:00,ิ“ธนกร” ป้อง “บิ๊กแดง” ห่วงบ้านเมือง สวน “ปิยบุตร” ปฏิวัติไม่เกิดหากไม่จลาจลเผาเมือง,https://mgronline.com/politics/detail/9620000098652,"พลเอก อภิรัชต์ คงสมพงษ์,ธนกร วังบุญคงชนะ,ปิยบุตร แสงกนกกุล,พลเอก อภิรัชต์ คงสมพงษ์,","ผบ. ทบ.,ส.ส. ชุดที่ 25,ส.ส. ชุดที่ 25,ส.ว. ชุดที่ 12,","สายทหาร,สายพรรคการเมือง,สายพรรคการเมือง,สายกลุ่มการเมือง,","ตำรวจ & ทหาร,พรรคการเมือง & กลุ่มการเมือง,พรรคการเมือง & กลุ่มการเมือง,พรรคการเมือง & กลุ่มการเมือง,",1.0,2019,10
2019-10-11 23:01:00,อ่านเต็มๆ “บิ๊กแดง”ชำแหละสงครามลูกผสม ซัดพวกซ้ายจัดดัดจริต ชอบอ้าง 2475 แต่จาบจ้วง ล้างสมองคนรุ่นใหม่ ย้ำเห็นต่างได้แต่ต้องไม่ล้มสถาบัน-แบ่งแยกดินแดน,https://mgronline.com/politics/detail/9620000098364,"พลเอก อภิรัชต์ คงสมพงษ์,พลเอก อภิรัชต์ คงสมพงษ์,","ผบ. ทบ.,ส.ว. ชุดที่ 12,","สายทหาร,สายกลุ่มการเมือง,","ตำรวจ & ทหาร,พรรคการเมือง & กลุ่มการเมือง,",1.0,2019,10
2019-10-11 14:46:00,“บิ๊กแดง” ประกาศสงครามคนล้มสถาบันฯ แฉการเมืองสมคบ “โจชัว หว่อง” ป่วนชาติ,https://mgronline.com/politics/detail/9620000098194,"พลเอก อภิรัชต์ คงสมพงษ์,พลเอก อภิรัชต์ คงสมพงษ์,","ผบ. ทบ.,ส.ว. ชุดที่ 12,","สายทหาร,สายกลุ่มการเมือง,","ตำรวจ & ทหาร,พรรคการเมือง & กลุ่มการเมือง,",1.0,2019,10
2019-10-11 09:58:00,“บิ๊กแดง” บรรยายพิเศษ “แผ่นดินของเรา ในมุมมองด้านความมั่นคง”,https://mgronline.com/politics/detail/9620000098065,"พลเอก อภิรัชต์ คงสมพงษ์,พลเอก อภิรัชต์ คงสมพงษ์,","ผบ. ทบ.,ส.ว. ชุดที่ 12,","สายทหาร,สายกลุ่มการเมือง,","ตำรวจ & ทหาร,พรรคการเมือง & กลุ่มการเมือง,",1.0,2019,10
2019-08-30 12:11:00,“บิ๊กแดง” เอือมข่าวปลอมซ้ำซากเปลี่ยนความคิดคน เตรียมแพร่วิทยานิพนธ์สื่อออนไลน์ มีคนเดือดร้อนแน่,https://mgronline.com/politics/detail/9620000083239,"พลเอก อภิรัชต์ คงสมพงษ์,พลเอก อภิรัชต์ คงสมพงษ์,","ผบ. ทบ.,ส.ว. ชุดที่ 12,","สายทหาร,สายกลุ่มการเมือง,","ตำรวจ & ทหาร,พรรคการเมือง & กลุ่มการเมือง,",1.0,2019,8
2019-08-11 16:24:00,“ปิยบุตร” โต้ “บิ๊กแดง” ปัด อนค.ปล่อยข่าวปลอม ย้ำไม่เป็นศัตรูกองทัพ แนะ ผบ.ทบ.คุยกับคนรุ่นใหม่มากขึ้น,https://mgronline.com/politics/detail/9620000076456,"พลเอก อภิรัชต์ คงสมพงษ์,ปิยบุตร แสงกนกกุล,พลเอก อภิรัชต์ คงสมพงษ์,พรรคอนาคตใหม่-พรรคก้าวไกล,","ผบ. ทบ.,ส.ส. ชุดที่ 25,ส.ว. ชุดที่ 12,พรรคการเมือง,","สายทหาร,สายพรรคการเมือง,สายกลุ่มการเมือง,สายพรรคการเมือง,","ตำรวจ & ทหาร,พรรคการเมือง & กลุ่มการเมือง,พรรคการเมือง & กลุ่มการเมือง,พรรคการเมือง & กลุ่มการเมือง,",-1.0,2019,8
2019-08-10 21:00:00,“บิ๊กแดง”บอกรอยเตอร์ส กองทัพทำสงครามลูกผสม “ข่าวปลอม-ระเบิด” ย้ำไม่ให้เกิดรัฐประหารรัฐบาล“ประยุทธ์”,https://mgronline.com/politics/detail/9620000076305,"พลเอก อภิรัชต์ คงสมพงษ์,พลเอก ประยุทธ์ จันทร์โอชา,พลเอก อภิรัชต์ คงสมพงษ์,","ผบ. ทบ.,ครม. ชุดที่ 62,ส.ว. ชุดที่ 12,","สายทหาร,สายพรรคการเมือง,สายกลุ่มการเมือง,","ตำรวจ & ทหาร,พรรคการเมือง & กลุ่มการเมือง,พรรคการเมือง & กลุ่มการเมือง,",1.0,2019,8
2019-08-06 10:30:00,“บิ๊กแดง” เตือนอย่ามโนข่าวระเบิดเพิ่มปมขัดแย้ง เชื่อคนทำหวังดิสเครดิตรัฐบาล,https://mgronline.com/politics/detail/9620000074578,"พลเอก อภิรัชต์ คงสมพงษ์,พลเอก อภิรัชต์ คงสมพงษ์,","ผบ. ทบ.,ส.ว. ชุดที่ 12,","สายทหาร,สายกลุ่มการเมือง,","ตำรวจ & ทหาร,พรรคการเมือง & กลุ่มการเมือง,",1.0,2019,8
2019-07-30 19:48:00,"""บิ๊กแดง"" เกาะติดการใช้โซเชียล เพื่อเป้าหมายการเมือง แนะดูThe Great Hack ชี้ต้องรู้เท่าทัน",https://mgronline.com/politics/detail/9620000072457,"พลเอก อภิรัชต์ คงสมพงษ์,พลเอก อภิรัชต์ คงสมพงษ์,","ผบ. ทบ.,ส.ว. ชุดที่ 12,","สายทหาร,สายกลุ่มการเมือง,","ตำรวจ & ทหาร,พรรคการเมือง & กลุ่มการเมือง,",1.0,2019,7
2019-07-19 10:16:00,“บิ๊กแดง” ยันกองทัพกลับเข้าระบบ ไร้ คสช. ชี้ รธน.แก้ได้ตามยุคสมัยแต่ใจคนเปลี่ยนไม่ได้,https://mgronline.com/politics/detail/9620000068631,"พลเอก อภิรัชต์ คงสมพงษ์,พลเอก อภิรัชต์ คงสมพงษ์,","ผบ. ทบ.,ส.ว. ชุดที่ 12,,","สายทหาร,สายกลุ่มการเมือง,","ตำรวจ & ทหาร,พรรคการเมือง & กลุ่มการเมือง,",1.0,2019,7
2019-07-17 13:13:00,“บิ๊กแดง” ซัดข่าวปลอม ยันไม่เคยพูดขู่ห้ามอภิปรายนายกฯ ชี้เป็นเรื่องของสภา ตนไม่เกี่ยว,https://mgronline.com/politics/detail/9620000067914,"พลเอก อภิรัชต์ คงสมพงษ์,พลเอก อภิรัชต์ คงสมพงษ์,","ผบ. ทบ.,ส.ว. ชุดที่ 12,","สายทหาร,สายกลุ่มการเมือง,","ตำรวจ & ทหาร,พรรคการเมือง & กลุ่มการเมือง,",1.0,2019,7
2019-06-21 14:46:00,“บิ๊กแดง” ลั่นไม่นึกถึงแผ่นดินเกิด-สถาบันฯ ไม่ควรอยู่ไทย หวัง รด.เป็นพลเมืองที่ดี,https://mgronline.com/politics/detail/9620000059134,"พลเอก อภิรัชต์ คงสมพงษ์,พลเอก อภิรัชต์ คงสมพงษ์,","ผบ. ทบ.,ส.ว. ชุดที่ 12,","สายทหาร,สายกลุ่มการเมือง,","ตำรวจ & ทหาร,พรรคการเมือง & กลุ่มการเมือง,",1.0,2019,6
2019-06-12 11:31:00,“บิ๊กแดง” ย่องเข้าทำเนียบฯ คุย “บิ๊กตู่” คาดถกภารกิจ คสช.,https://mgronline.com/politics/detail/9620000055814,"พลเอก อภิรัชต์ คงสมพงษ์,พลเอก ประยุทธ์ จันทร์โอชา,พลเอก อภิรัชต์ คงสมพงษ์,","ผบ. ทบ.,ครม. ชุดที่ 62,ส.ว. ชุดที่ 12,","สายทหาร,สายพรรคการเมือง,สายกลุ่มการเมือง,","ตำรวจ & ทหาร,พรรคการเมือง & กลุ่มการเมือง,พรรคการเมือง & กลุ่มการเมือง,",1.0,2019,6
2019-05-29 10:59:00,“บิ๊กแดง” ดอดขึ้นตึกไทยคู่ฟ้า พบ “บิ๊กตู่” ก่อนร่วมประชุม กก.บห. สถานการณ์ฉุกเฉิน,https://mgronline.com/politics/detail/9620000051122,"พลเอก อภิรัชต์ คงสมพงษ์,พลเอก ประยุทธ์ จันทร์โอชา,พลเอก อภิรัชต์ คงสมพงษ์,","ผบ. ทบ.,ครม. ชุดที่ 62,ส.ว. ชุดที่ 12,","สายทหาร,สายพรรคการเมือง,สายกลุ่มการเมือง,","ตำรวจ & ทหาร,พรรคการเมือง & กลุ่มการเมือง,พรรคการเมือง & กลุ่มการเมือง,",1.0,2019,5
2019-05-17 14:24:00,"""บิ๊กแดง"" ซุ่มเงียบรายงานตัวส.ว.เมินพบสื่อ สรุปยอดรวม 249 คน",https://mgronline.com/politics/detail/9620000047287,"พลเอก อภิรัชต์ คงสมพงษ์,พลเอก อภิรัชต์ คงสมพงษ์,","ผบ. ทบ.,ส.ว. ชุดที่ 12,","สายทหาร,สายกลุ่มการเมือง,","ตำรวจ & ทหาร,พรรคการเมือง & กลุ่มการเมือง,",1.0,2019,5
2019-04-05 10:15:00,“บิ๊กป้อม”เบรกล่าชื่อถอด“บิ๊กแดง” ชี้ ผบ.ทบ.เป็นตำแหน่งโปรดเกล้าฯ,https://mgronline.com/politics/detail/9620000033761,"พลเอก อภิรัชต์ คงสมพงษ์,พลเอก ประวิตร วงษ์สุวรรณ,พลเอก อภิรัชต์ คงสมพงษ์,พรรคกล้า,","ผบ. ทบ.,ครม. ชุดที่ 62,ส.ว. ชุดที่ 12,พรรคการเมือง,","สายทหาร,สายพรรคการเมือง,สายกลุ่มการเมือง,สายพรรคการเมือง,","ตำรวจ & ทหาร,พรรคการเมือง & กลุ่มการเมือง,พรรคการเมือง & กลุ่มการเมือง,พรรคการเมือง & กลุ่มการเมือง,",1.0,2019,4
2019-04-03 19:24:00,สวนบิ๊กแดง! “ธนาธร” ปัดซ้ายจัด แค่เรียกร้องให้ไทยเป็นสากล,https://mgronline.com/politics/detail/9620000033210,"พลเอก อภิรัชต์ คงสมพงษ์,ธนาธร จึงรุ่งเรืองกิจ,พลเอก อภิรัชต์ คงสมพงษ์,","ผบ. ทบ.,ส.ส. ชุดที่ 25,ส.ว. ชุดที่ 12,","สายทหาร,สายพรรคการเมือง,สายกลุ่มการเมือง,","ตำรวจ & ทหาร,พรรคการเมือง & กลุ่มการเมือง,พรรคการเมือง & กลุ่มการเมือง,",-1.0,2019,4
2019-04-02 19:49:00,"""บิ๊กแดง"" จ้อสื่อนอก กร้าวไม่ยอมให้สู้บนถนนอีก ชี้ทางออกคือยอมรับกติกา",https://mgronline.com/politics/detail/9620000032795,"พลเอก อภิรัชต์ คงสมพงษ์,พลเอก อภิรัชต์ คงสมพงษ์,","ผบ. ทบ.,ส.ว. ชุดที่ 12,","สายทหาร,สายกลุ่มการเมือง,","ตำรวจ & ทหาร,พรรคการเมือง & กลุ่มการเมือง,",1.0,2019,4
2019-04-02 12:56:00,“บิ๊กแดง” ซัดอย่าเอาความซ้ายจัดมาดัดจริต จี้ยอมรับกติกา หยุดวาทกรรม ปชต.-เผด็จการ,https://mgronline.com/politics/detail/9620000032531,"พลเอก อภิรัชต์ คงสมพงษ์,พลเอก อภิรัชต์ คงสมพงษ์,","ผบ. ทบ.,ส.ว. ชุดที่ 12,","สายทหาร,สายกลุ่มการเมือง,","ตำรวจ & ทหาร,พรรคการเมือง & กลุ่มการเมือง,",1.0,2019,4
2019-03-18 15:45:00,"""บิ๊กแดง""  เตือนโค้งสุดท้ายเลือกตั้ง ส.ส.  ให้ประชาชนใช้วิจารณญาณติดตามข่าวสาร",https://mgronline.com/politics/detail/9620000026947,"พลเอก อภิรัชต์ คงสมพงษ์,พลเอก อภิรัชต์ คงสมพงษ์,","ผบ. ทบ.,ส.ว. ชุดที่ 12,","สายทหาร,สายกลุ่มการเมือง,","ตำรวจ & ทหาร,พรรคการเมือง & กลุ่มการเมือง,",1.0,2019,3
2019-03-16 14:51:00,“บิ๊กแดง” สั่งเข้มกำลังพลห้ามยุ่งหีบบัตร-นับคะแนน กันครหาโกงเลือกตั้ง,https://mgronline.com/politics/detail/9620000026301,"พลเอก อภิรัชต์ คงสมพงษ์,พลเอก อภิรัชต์ คงสมพงษ์,","ผบ. ทบ.,ส.ว. ชุดที่ 12,","สายทหาร,สายกลุ่มการเมือง,","ตำรวจ & ทหาร,พรรคการเมือง & กลุ่มการเมือง,",1.0,2019,3
2019-03-07 10:48:00,ทัพบกแสดงพลัง “บิ๊กแดง” นำ ผบ.หน่วยปฏิญาณตน ลั่นพร้อมหนุนรัฐบาลจงรักภักดี,https://mgronline.com/politics/detail/9620000023004,"พลเอก อภิรัชต์ คงสมพงษ์,พลเอก อภิรัชต์ คงสมพงษ์,","ผบ. ทบ.,ส.ว. ชุดที่ 12,","สายทหาร,สายกลุ่มการเมือง,","ตำรวจ & ทหาร,พรรคการเมือง & กลุ่มการเมือง,",1.0,2019,3
2019-03-06 11:44:00,“บิ๊กแดง” ห่วงกำลังพลช่วงเลือกตั้ง ปัดตอบฟ้อง “เสรีพิศุทธ์”,https://mgronline.com/politics/detail/9620000022625,"พลเอก อภิรัชต์ คงสมพงษ์,พลตำรวจเอก เสรีพิศุทธ์ เตมียเวส,พลเอก อภิรัชต์ คงสมพงษ์,","ผบ. ทบ.,ส.ส. ชุดที่ 25,ส.ว. ชุดที่ 12,","สายทหาร,สายพรรคการเมือง,สายกลุ่มการเมือง,","ตำรวจ & ทหาร,พรรคการเมือง & กลุ่มการเมือง,พรรคการเมือง & กลุ่มการเมือง,",1.0,2019,3
2019-03-04 12:06:00,“บิ๊กแดง” กำชับ ขรก.รับผิดชอบต่อบ้านเมือง เร่งชี้แจงข่าวบิดเบือนช่วงเลือกตั้ง,https://mgronline.com/politics/detail/9620000021811,"พลเอก อภิรัชต์ คงสมพงษ์,พลเอก อภิรัชต์ คงสมพงษ์,","ผบ. ทบ.,ส.ว. ชุดที่ 12,","สายทหาร,สายกลุ่มการเมือง,","ตำรวจ & ทหาร,พรรคการเมือง & กลุ่มการเมือง,",1.0,2019,3
2019-02-19 11:19:00,“มาร์ค” หนุนตัดงบทหารที่ไม่จำเป็น ปชป.เคยทำแล้ว แนะ “บิ๊กแดง” เป็นกลาง,https://mgronline.com/politics/detail/9620000017376,"พลเอก อภิรัชต์ คงสมพงษ์,อภิสิทธิ์ เวชชาชีวะ,พลเอก อภิรัชต์ คงสมพงษ์,พรรคประชาธิปัตย์,","ผบ. ทบ.,ส.ส. ชุดที่ 25,ส.ว. ชุดที่ 12,พรรคการเมือง,","สายทหาร,สายพรรคการเมือง,สายกลุ่มการเมือง,สายพรรคการเมือง,","ตำรวจ & ทหาร,พรรคการเมือง & กลุ่มการเมือง,พรรคการเมือง & กลุ่มการเมือง,พรรคการเมือง & กลุ่มการเมือง,",-1.0,2019,2
2019-02-18 17:33:00,“หญิงหน่อย” แขวะ “บิ๊กแดง” ถ้าชงเพิ่มงบ กห.คงไม่หนักแผ่นดิน อ้างขอลด 10% เหตุยังไม่พบภัยคุกคาม,https://mgronline.com/politics/detail/9620000017206,"พลเอก อภิรัชต์ คงสมพงษ์,พลเอก อภิรัชต์ คงสมพงษ์,","ผบ. ทบ.,ส.ว. ชุดที่ 12,","สายทหาร,สายกลุ่มการเมือง,","ตำรวจ & ทหาร,พรรคการเมือง & กลุ่มการเมือง,",-1.0,2019,2
2019-02-18 16:51:00,“เสี่ยป้อม” ประสานเสียง “บิ๊กแดง” ไล่พรรคตัดงบ กห.ฟังเพลงหนักแผ่นดิน,https://mgronline.com/politics/detail/9620000017174,"พลเอก อภิรัชต์ คงสมพงษ์,พลเอก ประวิตร วงษ์สุวรรณ,พลเอก อภิรัชต์ คงสมพงษ์,","ผบ. ทบ.,ครม. ชุดที่ 62,ส.ว. ชุดที่ 12,","สายทหาร,สายพรรคการเมือง,สายกลุ่มการเมือง,","ตำรวจ & ทหาร,พรรคการเมือง & กลุ่มการเมือง,พรรคการเมือง & กลุ่มการเมือง,",1.0,2019,2
2019-02-18 16:15:00,“บิ๊กแดง” สั่งเปิดเพลงปลุกใจทหาร “มาร์ช-หนักแผ่นดิน” ตามวิทยุ-ในกองทัพ,https://mgronline.com/politics/detail/9620000017160,"พลเอก อภิรัชต์ คงสมพงษ์,พลเอก อภิรัชต์ คงสมพงษ์,","ผบ. ทบ.,ส.ว. ชุดที่ 12,","สายทหาร,สายกลุ่มการเมือง,","ตำรวจ & ทหาร,พรรคการเมือง & กลุ่มการเมือง,",1.0,2019,2
2019-02-18 13:55:00,“เสรีพิศุทธ์” ก็มาร้องยุบ พปชร. เล่นใหญ่ชี้ “บิ๊กตู่” เป็นกบฏ-ลามเฉ่งถึง “บิ๊กแดง”,https://mgronline.com/politics/detail/9620000017050,"พลเอก อภิรัชต์ คงสมพงษ์,พลเอก ประยุทธ์ จันทร์โอชา,พลตำรวจเอก เสรีพิศุทธ์ เตมียเวส,พลเอก อภิรัชต์ คงสมพงษ์,พรรคพลังประชารัฐ,","ผบ. ทบ.,ครม. ชุดที่ 62,ส.ส. ชุดที่ 25,ส.ว. ชุดที่ 12,พรรคการเมือง,","สายทหาร,สายพรรคการเมือง,สายพรรคการเมือง,สายกลุ่มการเมือง,สายพรรคการเมือง,","ตำรวจ & ทหาร,พรรคการเมือง & กลุ่มการเมือง,พรรคการเมือง & กลุ่มการเมือง,พรรคการเมือง & กลุ่มการเมือง,พรรคการเมือง & กลุ่มการเมือง,",-1.0,2019,2
2019-02-13 16:23:00,“บิ๊กแดง” กร้าวอย่าล้ำเส้น กองทัพเป็นกลาง อย่าเชื่อพวกหน้าเดิมกุข่าวรัฐประหาร,https://mgronline.com/politics/detail/9620000015519,"พลเอก อภิรัชต์ คงสมพงษ์,พลเอก อภิรัชต์ คงสมพงษ์,","ผบ. ทบ.,ส.ว. ชุดที่ 12,","สายทหาร,สายกลุ่มการเมือง,","ตำรวจ & ทหาร,พรรคการเมือง & กลุ่มการเมือง,",1.0,2019,2
2019-01-28 15:34:00,“บิ๊กแดง” ขอทุกส่วนดูแลประเทศให้เรียบร้อย เพื่อเตรียมงานพระราชพิธี-เลือกตั้ง,https://mgronline.com/politics/detail/9620000009584,"พลเอก อภิรัชต์ คงสมพงษ์,พลเอก อภิรัชต์ คงสมพงษ์,","ผบ. ทบ.,ส.ว. ชุดที่ 12,","สายทหาร,สายกลุ่มการเมือง,","ตำรวจ & ทหาร,พรรคการเมือง & กลุ่มการเมือง,",1.0,2019,1
2019-01-21 13:15:00,“บิ๊กแดง” มั่นใจมีกฤษฎีกาเลือกตั้งเร็ววันนี้ จับตาทุกกลุ่มเคลื่อนไหวป้องกันรุนแรง,https://mgronline.com/politics/detail/9620000007052,"พลเอก อภิรัชต์ คงสมพงษ์,พลเอก อภิรัชต์ คงสมพงษ์,","ผบ. ทบ.,ส.ว. ชุดที่ 12,","สายทหาร,สายกลุ่มการเมือง,","ตำรวจ & ทหาร,พรรคการเมือง & กลุ่มการเมือง,",1.0,2019,1
2019-01-16 16:39:00,พปชร.ป้อง “บิ๊กแดง” เจตนาดีไม่อยากให้วุ่นวาย ชี้ ปชช.กลัวขัดแย้ง “แม้ว” กลับมา,https://mgronline.com/politics/detail/9620000005496,"พลเอก อภิรัชต์ คงสมพงษ์,พลเอก อภิรัชต์ คงสมพงษ์,พรรคพลังประชารัฐ,ทักษิณ ชินวัตร,","ผบ. ทบ.,ส.ว. ชุดที่ 12,พรรคการเมือง,คนเบื้องหลังพรรคการเมือง,","สายทหาร,สายกลุ่มการเมือง,สายพรรคการเมือง,สายพรรคการเมือง,","ตำรวจ & ทหาร,พรรคการเมือง & กลุ่มการเมือง,พรรคการเมือง & กลุ่มการเมือง,พรรคการเมือง & กลุ่มการเมือง,",1.0,2019,1
2019-01-12 12:01:00,“บิ๊กแดง” ซัดกลุ่มอยากเลือกตั้ง จงใจป่วนตามใบสั่ง ย้ำพระราชพิธีสำคัญยิ่ง,https://mgronline.com/politics/detail/9620000004029,"พลเอก อภิรัชต์ คงสมพงษ์,พลเอก อภิรัชต์ คงสมพงษ์,","ผบ. ทบ.,ส.ว. ชุดที่ 12,","สายทหาร,สายกลุ่มการเมือง,","ตำรวจ & ทหาร,พรรคการเมือง & กลุ่มการเมือง,",1.0,2019,1
2018-12-24 15:07:00,“บิ๊กแดง” สั่งบูรณาการหน่วยมั่นคงรับภารกิจปีใหม่ ย้ำวางตัวเป็นกลางทางการเมือง,https://mgronline.com/politics/detail/9610000127349,"พลเอก อภิรัชต์ คงสมพงษ์,พลเอก อภิรัชต์ คงสมพงษ์,","ผบ. ทบ.,ส.ว. ชุดที่ 12,","สายทหาร,สายกลุ่มการเมือง,","ตำรวจ & ทหาร,พรรคการเมือง & กลุ่มการเมือง,",1.0,2018,12
2018-12-22 09:51:00,"""บิ๊กแดง""ย้ำกองทัพไม่เกี่ยว""คลิปสวาท""แจง I.O.ใช้ขจัดภัยสถาบัน-ความมั่นคงเท่านั้น ยกวาทะ""คึกฤทธิ์""ปฏิวัติแค่ปลายเหตุ คนโกงคือต้นเหตุ",https://mgronline.com/politics/detail/9610000126721,"พลเอก อภิรัชต์ คงสมพงษ์,พลเอก อภิรัชต์ คงสมพงษ์,","ผบ. ทบ.,ส.ว. ชุดที่ 12,","สายทหาร,สายกลุ่มการเมือง,","ตำรวจ & ทหาร,พรรคการเมือง & กลุ่มการเมือง,",1.0,2018,12
2018-11-19 14:32:00,“บิ๊กแดง” ยันคำสั่ง คสช.ไม่มีผลเลื่อนเลือกตั้ง สั่งเดินหน้างานเร่งด่วนช่วง 3 เดือน,https://mgronline.com/politics/detail/9610000115285,"พลเอก อภิรัชต์ คงสมพงษ์,พลเอก อภิรัชต์ คงสมพงษ์,","ผบ. ทบ.,ส.ว. ชุดที่ 12,","สายทหาร,สายกลุ่มการเมือง,","ตำรวจ & ทหาร,พรรคการเมือง & กลุ่มการเมือง,",1.0,2018,11
2018-11-12 14:30:00,“บิ๊กแดง” สั่งช่วยรัฐพีอาร์สร้างการรับรู้โรดแมปเลือกตั้ง กำชับลุยสกัดยาเสพติดต่อ,https://mgronline.com/politics/detail/9610000112772,"พลเอก อภิรัชต์ คงสมพงษ์,พลเอก อภิรัชต์ คงสมพงษ์,","ผบ. ทบ.,ส.ว. ชุดที่ 12,","สายทหาร,สายกลุ่มการเมือง,","ตำรวจ & ทหาร,พรรคการเมือง & กลุ่มการเมือง,",1.0,2018,11
2018-10-18 11:09:00,ผบ.ทอ.ประสานเสียง “บิ๊กแดง” ไม่ป่วนก็ไม่มีปฏิวัติ ย้ำ ไม่มีใครอยากให้เกิด,https://mgronline.com/politics/detail/9610000104139,"พลเอก อภิรัชต์ คงสมพงษ์,พลเอก อภิรัชต์ คงสมพงษ์,","ผบ. ทบ.,ส.ว. ชุดที่ 12,","สายทหาร,สายกลุ่มการเมือง,","ตำรวจ & ทหาร,พรรคการเมือง & กลุ่มการเมือง,",1.0,2018,10
2018-10-18 10:34:00,“ประวิตร” แจง “บิ๊กแดง” แค่ห่วงอนาคตไม่ได้ขู่ปฏิวัติ ชี้ เหตุการณ์สงบก็ไม่มีอะไร,https://mgronline.com/politics/detail/9610000104125,"พลเอก อภิรัชต์ คงสมพงษ์,พลเอก ประวิตร วงษ์สุวรรณ,พลเอก อภิรัชต์ คงสมพงษ์,","ผบ. ทบ.,ครม. ชุดที่ 62,ส.ว. ชุดที่ 12,","สายทหาร,สายพรรคการเมือง,สายกลุ่มการเมือง,","ตำรวจ & ทหาร,พรรคการเมือง & กลุ่มการเมือง,พรรคการเมือง & กลุ่มการเมือง,",1.0,2018,10
2018-10-17 16:31:00,“บิ๊กแดง” ไม่รับประกันไม่มีรัฐประหาร ชี้การเมืองเป็นสาเหตุ,https://mgronline.com/politics/detail/9610000103706,"พลเอก อภิรัชต์ คงสมพงษ์,พลเอก อภิรัชต์ คงสมพงษ์,","ผบ. ทบ.,ส.ว. ชุดที่ 12,","สายทหาร,สายกลุ่มการเมือง,","ตำรวจ & ทหาร,พรรคการเมือง & กลุ่มการเมือง,",1.0,2018,10
2018-10-17 12:24:00,“อภิรัชต์” ลั่นปกป้องสถาบันฯ ด้วยทุกอย่างที่มี ชี้คนหมิ่นฯ ส่วนใหญ่ไม่สมประกอบ-อยู่เมืองไทยไม่ได้,https://mgronline.com/politics/detail/9610000103735,"พลเอก อภิรัชต์ คงสมพงษ์,พลเอก อภิรัชต์ คงสมพงษ์,","ผบ. ทบ.,ส.ว. ชุดที่ 12,","สายทหาร,สายกลุ่มการเมือง,","ตำรวจ & ทหาร,พรรคการเมือง & กลุ่มการเมือง,",1.0,2018,10
2018-10-01 12:16:00,“อภิรัชต์” สวมหมวกเลขาฯ คสช.ประชุมนัดแรก เข้มคำสั่งห้ามพรรคทำผิด-หนุนไทยนิยมฯ เต็มที่,https://mgronline.com/politics/detail/9610000097918,"พลเอก อภิรัชต์ คงสมพงษ์,พลเอก อภิรัชต์ คงสมพงษ์,","ผบ. ทบ.,ส.ว. ชุดที่ 12,","สายทหาร,สายกลุ่มการเมือง,","ตำรวจ & ทหาร,พรรคการเมือง & กลุ่มการเมือง,",1.0,2018,10
2018-09-28 17:01:00,“บิ๊กแดง” รับตำแหน่ง ผบ.ทบ. ลั่นทำกองทัพเป็นของชาติ-ปชช. พิทักษ์สถาบันหลัก,https://mgronline.com/politics/detail/9610000097285,"พลเอก อภิรัชต์ คงสมพงษ์,พลเอก อภิรัชต์ คงสมพงษ์,","ผบ. ทบ.,ส.ว. ชุดที่ 12,","สายทหาร,สายกลุ่มการเมือง,","ตำรวจ & ทหาร,พรรคการเมือง & กลุ่มการเมือง,",1.0,2018,9
2018-09-01 20:23:00,โปรดเกล้าฯ โผทหาร “บิ๊กแดง” ขึ้น ผบ.ทบ.“บิ๊กลือ” คุมทัพเรือ “บิ๊กต่าย” บัญชาการทัพอากาศ,https://mgronline.com/politics/detail/9610000087682,"พลเอก อภิรัชต์ คงสมพงษ์,พลเอก อภิรัชต์ คงสมพงษ์,","ผบ. ทบ.,ส.ว. ชุดที่ 12,","สายทหาร,สายกลุ่มการเมือง,","ตำรวจ & ทหาร,พรรคการเมือง & กลุ่มการเมือง,",1.0,2018,9
2018-07-24 10:24:00,“จักรทิพย์” รับลูกรัฐบาล ลั่นตั้งศูนย์ปราบปรามหนี้นอกระบบทั่วประเทศ,https://mgronline.com/politics/detail/9610000073449,"พลตำรวจเอก จักรทิพย์ ชัยจินดา,พลตำรวจเอก จักรทิพย์ ชัยจินดา,","ผบ. ตร.,ส.ว. ชุดที่ 12,","สายตำรวจ,สายกลุ่มการเมือง,","ตำรวจ & ทหาร,พรรคการเมือง & กลุ่มการเมือง,",1.0,2018,7
2018-07-19 14:39:00,แง้มโผทหาร “บิ๊กแดง” ขึ้นแท่น ผบ.ทบ.ตามคาด “บิ๊กลือ” ผบ.ทร. “บิ๊กต่าย” คุม ทอ.,https://mgronline.com/politics/detail/9610000071940,"พลเอก อภิรัชต์ คงสมพงษ์,พลเอก อภิรัชต์ คงสมพงษ์,","ผบ. ทบ.,ส.ว. ชุดที่ 12,","สายทหาร,สายกลุ่มการเมือง,","ตำรวจ & ทหาร,พรรคการเมือง & กลุ่มการเมือง,",1.0,2018,7
2018-07-17 18:39:00,ตั้ง “บิ๊กแดง” เป็นนายทหารพิเศษ ประจำกรมทหารมหาดเล็กราชวัลลภ รักษาพระองค์,https://mgronline.com/politics/detail/9610000071293,"พลเอก อภิรัชต์ คงสมพงษ์,พลเอก อภิรัชต์ คงสมพงษ์,","ผบ. ทบ.,ส.ว. ชุดที่ 12,","สายทหาร,สายกลุ่มการเมือง,","ตำรวจ & ทหาร,พรรคการเมือง & กลุ่มการเมือง,",1.0,2018,7
2017-11-17 17:40:00,“บิ๊กตู่” ยันปรับ ครม.ไร้ชื่อ “บิ๊กแป๊ะ” ขอสื่ออย่ามโน โต้ไม่เคยเกณฑ์ใครตอบ 6 คำถาม,https://mgronline.com/politics/detail/9600000116428,"พลตำรวจเอก จักรทิพย์ ชัยจินดา,พลเอก ประยุทธ์ จันทร์โอชา,พลตำรวจเอก จักรทิพย์ ชัยจินดา,","ผบ. ตร.,ครม. ชุดที่ 62,ส.ว. ชุดที่ 12,","สายตำรวจ,สายพรรคการเมือง,สายกลุ่มการเมือง,","ตำรวจ & ทหาร,พรรคการเมือง & กลุ่มการเมือง,พรรคการเมือง & กลุ่มการเมือง,",1.0,2017,11
2017-09-13 13:32:00,“บิ๊กแดง” ขออย่าด่วนสรุปโยงการเมือง เหตุบึ้มตู้ ATM โลตัสกรุงเทพกรีฑา,https://mgronline.com/politics/detail/9600000093920,"พลเอก อภิรัชต์ คงสมพงษ์,พลเอก อภิรัชต์ คงสมพงษ์,","ผบ. ทบ.,ส.ว. ชุดที่ 12,","สายทหาร,สายกลุ่มการเมือง,","ตำรวจ & ทหาร,พรรคการเมือง & กลุ่มการเมือง,",1.0,2017,9
2017-08-19 15:02:00,โผทหารปี 60 น้องรัก “ประยุทธ์ - ประวิตร” พรึ่บ “บิ๊กเข้” นั่งปลัด กห.“ลูกบิ๊กจ๊อด” ขึ้น ผช.ผบ.ทบ.,https://mgronline.com/politics/detail/9600000084971,"พลเอก อภิรัชต์ คงสมพงษ์,พลเอก ประยุทธ์ จันทร์โอชา,พลเอก ประวิตร วงษ์สุวรรณ,พลเอก อภิรัชต์ คงสมพงษ์,","ผบ. ทบ.,ครม. ชุดที่ 62,ครม. ชุดที่ 62,ส.ว. ชุดที่ 12,","สายทหาร,สายพรรคการเมือง,สายพรรคการเมือง,สายกลุ่มการเมือง,","ตำรวจ & ทหาร,พรรคการเมือง & กลุ่มการเมือง,พรรคการเมือง & กลุ่มการเมือง,พรรคการเมือง & กลุ่มการเมือง,",1.0,2017,8
2014-04-03 12:13:00,“ลูกบิ๊กจ๊อด” รับตำแหน่ง ผบ.พล.1 รอ. ไม่หนักใจชุมนุมใหญ่ ชี้พวกล้มเจ้าคนไทยหรือเปล่า,https://mgronline.com/politics/detail/9570000037536,"พลเอก อภิรัชต์ คงสมพงษ์,พลเอก อภิรัชต์ คงสมพงษ์,","ผบ. ทบ.,ส.ว. ชุดที่ 12,","สายทหาร,สายกลุ่มการเมือง,","ตำรวจ & ทหาร,พรรคการเมือง & กลุ่มการเมือง,",-1.0,2014,4
2014-01-29 15:04:00,ศรส.ตั้ง “จักรทิพย์” นำเจรจา กปปส.ศุกร์นี้ ตั้งทีมฟันท่อน้ำเลี้ยง บี้ยันต่างด้าว รถขน ปชช.,https://mgronline.com/politics/detail/9570000011186,"พลตำรวจเอก จักรทิพย์ ชัยจินดา,พลตำรวจเอก จักรทิพย์ ชัยจินดา,","ผบ. ตร.,ส.ว. ชุดที่ 12,","สายตำรวจ,สายกลุ่มการเมือง,","ตำรวจ & ทหาร,พรรคการเมือง & กลุ่มการเมือง,",1.0,2014,1
